                  epoch,         train/box_loss,         train/cls_loss,         train/dfl_loss,   metrics/precision(B),      metrics/recall(B),       metrics/mAP50(B),    metrics/mAP50-95(B),           val/box_loss,           val/cls_loss,           val/dfl_loss,                 lr/pg0,                 lr/pg1,                 lr/pg2
                      1,                  1.538,                 2.8385,                 1.6153,                0.83113,                 0.5074,                0.61704,                0.33329,                 1.8104,                 3.4407,                 1.6231,             0.00047086,             0.00047086,             0.00047086
                      2,                 1.5002,                 2.1691,                 1.5697,                0.81642,                0.53136,                0.68119,                0.36005,                 1.8255,                 3.3186,                 1.8368,             0.00075965,             0.00075965,             0.00075965
                      3,                 1.4861,                 1.8371,                 1.5354,                0.56148,                0.59699,                0.58315,                0.32728,                 1.7442,                 2.4857,                 1.6072,             0.00085981,             0.00085981,             0.00085981
                      4,                 1.4441,                 1.6212,                 1.4779,                 0.7731,                0.72599,                0.78495,                0.45598,                 1.6688,                 1.8739,                 1.4874,             0.00058017,             0.00058017,             0.00058017
                      5,                 1.4131,                 1.4988,                 1.4415,                0.83758,                0.74199,                0.80278,                0.44519,                 1.6713,                 1.8102,                 1.4846,             0.00058017,             0.00058017,             0.00058017
